{
  "oreMultiplier": 1,
  "ores": [
    {
      "ore_size": 64,
      "discard_on_air_chance": 1.0,
      "modifiers": [
        {
          "count": 0,
          "type": "minecraft:count"
        },
        {
          "type": "minecraft:in_square"
        },
        {
          "height": {
            "min_inclusive": {
              "absolute": 0
            },
            "max_inclusive": {
              "absolute": 60
            },
            "type": "minecraft:uniform"
          },
          "type": "minecraft:height_range"
        },
        {
          "type": "minecraft:biome"
        }
      ],
      "targets": [
        {
          "target": {
            "tag": "minecraft:base_stone_overworld",
            "predicate_type": "minecraft:tag_match"
          },
          "state": {
            "Name": "minecraft:granite"
          }
        }
      ]
    },
    {
      "ore_size": 13,
      "discard_on_air_chance": 1.0,
      "modifiers": [
        {
          "ore_type": {
            "type": "fluorite",
            "index": 1
          },
          "retro_gen": false,
          "type": "mekanism:disableable"
        },
        {
          "count": {
            "ore_type": {
              "type": "fluorite",
              "index": 1
            },
            "type": "mekanism:configurable_constant"
          },
          "type": "minecraft:count"
        },
        {
          "type": "minecraft:in_square"
        },
        {
          "height": {
            "ore_type": {
              "type": "fluorite",
              "index": 1
            },
            "type": "mekanism:configurable"
          },
          "type": "minecraft:height_range"
        },
        {
          "type": "minecraft:biome"
        }
      ],
      "targets": [
        {
          "target": {
            "tag": "minecraft:stone_ore_replaceables",
            "predicate_type": "minecraft:tag_match"
          },
          "state": {
            "Name": "mekanism:fluorite_ore"
          }
        },
        {
          "target": {
            "tag": "minecraft:deepslate_ore_replaceables",
            "predicate_type": "minecraft:tag_match"
          },
          "state": {
            "Name": "mekanism:deepslate_fluorite_ore"
          }
        }
      ]
    },
    {
      "ore_size": 4,
      "discard_on_air_chance": 0.0,
      "modifiers": [
        {
          "ore_type": {
            "type": "tin",
            "index": 0
          },
          "retro_gen": false,
          "type": "mekanism:disableable"
        },
        {
          "count": {
            "ore_type": {
              "type": "tin",
              "index": 0
            },
            "type": "mekanism:configurable_constant"
          },
          "type": "minecraft:count"
        },
        {
          "type": "minecraft:in_square"
        },
        {
          "height": {
            "ore_type": {
              "type": "tin",
              "index": 0
            },
            "type": "mekanism:configurable"
          },
          "type": "minecraft:height_range"
        },
        {
          "type": "minecraft:biome"
        }
      ],
      "targets": [
        {
          "target": {
            "tag": "minecraft:stone_ore_replaceables",
            "predicate_type": "minecraft:tag_match"
          },
          "state": {
            "Name": "mekanism:tin_ore"
          }
        },
        {
          "target": {
            "tag": "minecraft:deepslate_ore_replaceables",
            "predicate_type": "minecraft:tag_match"
          },
          "state": {
            "Name": "mekanism:deepslate_tin_ore"
          }
        }
      ]
    },
    {
      "ore_size": 9,
      "discard_on_air_chance": 0.0,
      "modifiers": [
        {
          "count": 5,
          "type": "minecraft:count"
        },
        {
          "type": "minecraft:in_square"
        },
        {
          "height": {
            "min_inclusive": {
              "absolute": 0
            },
            "max_inclusive": {
              "absolute": 32
            },
            "type": "minecraft:uniform"
          },
          "type": "minecraft:height_range"
        }
      ],
      "targets": [
        {
          "target": {
            "tag": "minecraft:stone_ore_replaceables",
            "predicate_type": "minecraft:tag_match"
          },
          "state": {
            "Name": "bigreactors:yellorite_ore"
          }
        }
      ]
    },
    {
      "ore_size": 9,
      "discard_on_air_chance": 0.5,
      "modifiers": [
        {
          "count": 4,
          "type": "minecraft:count"
        },
        {
          "type": "minecraft:in_square"
        },
        {
          "height": {
            "min_inclusive": {
              "absolute": -64
            },
            "max_inclusive": {
              "absolute": 32
            },
            "type": "minecraft:trapezoid"
          },
          "type": "minecraft:height_range"
        },
        {
          "type": "minecraft:biome"
        }
      ],
      "targets": [
        {
          "target": {
            "tag": "minecraft:stone_ore_replaceables",
            "predicate_type": "minecraft:tag_match"
          },
          "state": {
            "Name": "minecraft:gold_ore"
          }
        },
        {
          "target": {
            "tag": "minecraft:deepslate_ore_replaceables",
            "predicate_type": "minecraft:tag_match"
          },
          "state": {
            "Name": "minecraft:deepslate_gold_ore"
          }
        }
      ]
    },
    {
      "ore_size": 10,
      "discard_on_air_chance": 0.0,
      "modifiers": [
        {
          "count": 16,
          "type": "minecraft:count"
        },
        {
          "type": "minecraft:in_square"
        },
        {
          "height": {
            "min_inclusive": {
              "absolute": -16
            },
            "max_inclusive": {
              "absolute": 112
            },
            "type": "minecraft:trapezoid"
          },
          "type": "minecraft:height_range"
        },
        {
          "type": "minecraft:biome"
        }
      ],
      "targets": [
        {
          "target": {
            "tag": "minecraft:stone_ore_replaceables",
            "predicate_type": "minecraft:tag_match"
          },
          "state": {
            "Name": "minecraft:copper_ore"
          }
        },
        {
          "target": {
            "tag": "minecraft:deepslate_ore_replaceables",
            "predicate_type": "minecraft:tag_match"
          },
          "state": {
            "Name": "minecraft:deepslate_copper_ore"
          }
        }
      ]
    },
    {
      "ore_size": 17,
      "discard_on_air_chance": 0.0,
      "modifiers": [
        {
          "count": 30,
          "type": "minecraft:count"
        },
        {
          "type": "minecraft:in_square"
        },
        {
          "height": {
            "min_inclusive": {
              "absolute": 136
            },
            "max_inclusive": {
              "below_top": 0
            },
            "type": "minecraft:uniform"
          },
          "type": "minecraft:height_range"
        },
        {
          "type": "minecraft:biome"
        }
      ],
      "targets": [
        {
          "target": {
            "tag": "minecraft:stone_ore_replaceables",
            "predicate_type": "minecraft:tag_match"
          },
          "state": {
            "Name": "minecraft:coal_ore"
          }
        },
        {
          "target": {
            "tag": "minecraft:deepslate_ore_replaceables",
            "predicate_type": "minecraft:tag_match"
          },
          "state": {
            "Name": "minecraft:deepslate_coal_ore"
          }
        }
      ]
    },
    {
      "ore_size": 9,
      "discard_on_air_chance": 0.0,
      "modifiers": [
        {
          "count": 3,
          "type": "minecraft:count"
        },
        {
          "type": "minecraft:in_square"
        },
        {
          "height": {
            "min_inclusive": {
              "absolute": -64
            },
            "max_inclusive": {
              "absolute": -48
            },
            "type": "minecraft:uniform"
          },
          "type": "minecraft:height_range"
        }
      ],
      "targets": [
        {
          "target": {
            "tag": "minecraft:deepslate_ore_replaceables",
            "predicate_type": "minecraft:tag_match"
          },
          "state": {
            "Name": "bigreactors:deepslate_yellorite_ore"
          }
        }
      ]
    },
    {
      "ore_size": 33,
      "discard_on_air_chance": 1.0,
      "modifiers": [
        {
          "count": 0,
          "type": "minecraft:count"
        },
        {
          "type": "minecraft:in_square"
        },
        {
          "height": {
            "min_inclusive": {
              "absolute": 0
            },
            "max_inclusive": {
              "absolute": 160
            },
            "type": "minecraft:uniform"
          },
          "type": "minecraft:height_range"
        },
        {
          "type": "minecraft:biome"
        }
      ],
      "targets": [
        {
          "target": {
            "tag": "minecraft:base_stone_overworld",
            "predicate_type": "minecraft:tag_match"
          },
          "state": {
            "Name": "minecraft:dirt"
          }
        }
      ]
    },
    {
      "ore_size": 64,
      "discard_on_air_chance": 1.0,
      "modifiers": [
        {
          "count": 0,
          "type": "minecraft:count"
        },
        {
          "type": "minecraft:in_square"
        },
        {
          "height": {
            "min_inclusive": {
              "absolute": 64
            },
            "max_inclusive": {
              "absolute": 128
            },
            "type": "minecraft:uniform"
          },
          "type": "minecraft:height_range"
        },
        {
          "type": "minecraft:biome"
        }
      ],
      "targets": [
        {
          "target": {
            "tag": "minecraft:base_stone_overworld",
            "predicate_type": "minecraft:tag_match"
          },
          "state": {
            "Name": "minecraft:diorite"
          }
        }
      ]
    },
    {
      "ore_size": 12,
      "discard_on_air_chance": 0.7,
      "modifiers": [
        {
          "chance": 9,
          "type": "minecraft:rarity_filter"
        },
        {
          "type": "minecraft:in_square"
        },
        {
          "height": {
            "min_inclusive": {
              "above_bottom": -80
            },
            "max_inclusive": {
              "above_bottom": 80
            },
            "type": "minecraft:trapezoid"
          },
          "type": "minecraft:height_range"
        },
        {
          "type": "minecraft:biome"
        }
      ],
      "targets": [
        {
          "target": {
            "tag": "minecraft:stone_ore_replaceables",
            "predicate_type": "minecraft:tag_match"
          },
          "state": {
            "Name": "minecraft:diamond_ore"
          }
        },
        {
          "target": {
            "tag": "minecraft:deepslate_ore_replaceables",
            "predicate_type": "minecraft:tag_match"
          },
          "state": {
            "Name": "minecraft:deepslate_diamond_ore"
          }
        }
      ]
    },
    {
      "ore_size": 7,
      "discard_on_air_chance": 0.0,
      "modifiers": [
        {
          "count": 2,
          "type": "minecraft:count"
        },
        {
          "type": "minecraft:in_square"
        },
        {
          "height": {
            "min_inclusive": {
              "absolute": -32
            },
            "max_inclusive": {
              "absolute": 32
            },
            "type": "minecraft:trapezoid"
          },
          "type": "minecraft:height_range"
        },
        {
          "type": "minecraft:biome"
        }
      ],
      "targets": [
        {
          "target": {
            "tag": "minecraft:stone_ore_replaceables",
            "predicate_type": "minecraft:tag_match"
          },
          "state": {
            "Name": "minecraft:lapis_ore"
          }
        },
        {
          "target": {
            "tag": "minecraft:deepslate_ore_replaceables",
            "predicate_type": "minecraft:tag_match"
          },
          "state": {
            "Name": "minecraft:deepslate_lapis_ore"
          }
        }
      ]
    },
    {
      "ore_size": 4,
      "discard_on_air_chance": 0.0,
      "modifiers": [
        {
          "ore_type": {
            "type": "osmium",
            "index": 2
          },
          "retro_gen": false,
          "type": "mekanism:disableable"
        },
        {
          "count": {
            "ore_type": {
              "type": "osmium",
              "index": 2
            },
            "type": "mekanism:configurable_constant"
          },
          "type": "minecraft:count"
        },
        {
          "type": "minecraft:in_square"
        },
        {
          "height": {
            "ore_type": {
              "type": "osmium",
              "index": 2
            },
            "type": "mekanism:configurable"
          },
          "type": "minecraft:height_range"
        },
        {
          "type": "minecraft:biome"
        }
      ],
      "targets": [
        {
          "target": {
            "tag": "minecraft:stone_ore_replaceables",
            "predicate_type": "minecraft:tag_match"
          },
          "state": {
            "Name": "mekanism:osmium_ore"
          }
        },
        {
          "target": {
            "tag": "minecraft:deepslate_ore_replaceables",
            "predicate_type": "minecraft:tag_match"
          },
          "state": {
            "Name": "mekanism:deepslate_osmium_ore"
          }
        }
      ]
    },
    {
      "ore_size": 9,
      "discard_on_air_chance": 0.75,
      "modifiers": [
        {
          "ore_type": {
            "type": "uranium",
            "index": 1
          },
          "retro_gen": false,
          "type": "mekanism:disableable"
        },
        {
          "count": {
            "ore_type": {
              "type": "uranium",
              "index": 1
            },
            "type": "mekanism:configurable_constant"
          },
          "type": "minecraft:count"
        },
        {
          "type": "minecraft:in_square"
        },
        {
          "height": {
            "ore_type": {
              "type": "uranium",
              "index": 1
            },
            "type": "mekanism:configurable"
          },
          "type": "minecraft:height_range"
        },
        {
          "type": "minecraft:biome"
        }
      ],
      "targets": [
        {
          "target": {
            "tag": "minecraft:stone_ore_replaceables",
            "predicate_type": "minecraft:tag_match"
          },
          "state": {
            "Name": "mekanism:uranium_ore"
          }
        },
        {
          "target": {
            "tag": "minecraft:deepslate_ore_replaceables",
            "predicate_type": "minecraft:tag_match"
          },
          "state": {
            "Name": "mekanism:deepslate_uranium_ore"
          }
        }
      ]
    },
    {
      "ore_size": 4,
      "discard_on_air_chance": 0.0,
      "modifiers": [
        {
          "count": 10,
          "type": "minecraft:count"
        },
        {
          "type": "minecraft:in_square"
        },
        {
          "height": {
            "min_inclusive": {
              "above_bottom": 0
            },
            "max_inclusive": {
              "absolute": 72
            },
            "type": "minecraft:uniform"
          },
          "type": "minecraft:height_range"
        },
        {
          "type": "minecraft:biome"
        }
      ],
      "targets": [
        {
          "target": {
            "tag": "minecraft:stone_ore_replaceables",
            "predicate_type": "minecraft:tag_match"
          },
          "state": {
            "Name": "minecraft:iron_ore"
          }
        },
        {
          "target": {
            "tag": "minecraft:deepslate_ore_replaceables",
            "predicate_type": "minecraft:tag_match"
          },
          "state": {
            "Name": "minecraft:deepslate_iron_ore"
          }
        }
      ]
    },
    {
      "ore_size": 5,
      "discard_on_air_chance": 0.0,
      "modifiers": [
        {
          "count": 1,
          "type": "minecraft:count"
        },
        {
          "height": {
            "min_inclusive": {
              "absolute": -64
            },
            "max_inclusive": {
              "absolute": 10
            },
            "type": "minecraft:trapezoid"
          },
          "type": "minecraft:height_range"
        },
        {
          "type": "minecraft:in_square"
        },
        {
          "type": "minecraft:biome"
        }
      ],
      "targets": [
        {
          "target": {
            "tag": "minecraft:stone_ore_replaceables",
            "predicate_type": "minecraft:tag_match"
          },
          "state": {
            "Name": "malum:natural_quartz_ore"
          }
        },
        {
          "target": {
            "tag": "minecraft:deepslate_ore_replaceables",
            "predicate_type": "minecraft:tag_match"
          },
          "state": {
            "Name": "malum:deepslate_quartz_ore"
          }
        }
      ]
    },
    {
      "ore_size": 9,
      "discard_on_air_chance": 0.0,
      "modifiers": [
        {
          "ore_type": {
            "type": "osmium",
            "index": 1
          },
          "retro_gen": false,
          "type": "mekanism:disableable"
        },
        {
          "count": {
            "ore_type": {
              "type": "osmium",
              "index": 1
            },
            "type": "mekanism:configurable_constant"
          },
          "type": "minecraft:count"
        },
        {
          "type": "minecraft:in_square"
        },
        {
          "height": {
            "ore_type": {
              "type": "osmium",
              "index": 1
            },
            "type": "mekanism:configurable"
          },
          "type": "minecraft:height_range"
        },
        {
          "type": "minecraft:biome"
        }
      ],
      "targets": [
        {
          "target": {
            "tag": "minecraft:stone_ore_replaceables",
            "predicate_type": "minecraft:tag_match"
          },
          "state": {
            "Name": "mekanism:osmium_ore"
          }
        },
        {
          "target": {
            "tag": "minecraft:deepslate_ore_replaceables",
            "predicate_type": "minecraft:tag_match"
          },
          "state": {
            "Name": "mekanism:deepslate_osmium_ore"
          }
        }
      ]
    },
    {
      "ore_size": 8,
      "discard_on_air_chance": 0.0,
      "modifiers": [
        {
          "count": 4,
          "type": "minecraft:count"
        },
        {
          "type": "minecraft:in_square"
        },
        {
          "height": {
            "min_inclusive": {
              "absolute": 0
            },
            "max_inclusive": {
              "absolute": 64
            },
            "type": "minecraft:trapezoid"
          },
          "type": "minecraft:height_range"
        },
        {
          "type": "minecraft:biome"
        }
      ],
      "targets": [
        {
          "target": {
            "tag": "minecraft:stone_ore_replaceables",
            "predicate_type": "minecraft:tag_match"
          },
          "state": {
            "Name": "datanessence:lensing_crystal_ore"
          }
        }
      ]
    },
    {
      "ore_size": 9,
      "discard_on_air_chance": 0.0,
      "modifiers": [
        {
          "count": 90,
          "type": "minecraft:count"
        },
        {
          "type": "minecraft:in_square"
        },
        {
          "height": {
            "min_inclusive": {
              "absolute": 80
            },
            "max_inclusive": {
              "absolute": 384
            },
            "type": "minecraft:trapezoid"
          },
          "type": "minecraft:height_range"
        },
        {
          "type": "minecraft:biome"
        }
      ],
      "targets": [
        {
          "target": {
            "tag": "minecraft:stone_ore_replaceables",
            "predicate_type": "minecraft:tag_match"
          },
          "state": {
            "Name": "minecraft:iron_ore"
          }
        },
        {
          "target": {
            "tag": "minecraft:deepslate_ore_replaceables",
            "predicate_type": "minecraft:tag_match"
          },
          "state": {
            "Name": "minecraft:deepslate_iron_ore"
          }
        }
      ]
    },
    {
      "ore_size": 33,
      "discard_on_air_chance": 1.0,
      "modifiers": [
        {
          "count": 0,
          "type": "minecraft:count"
        },
        {
          "type": "minecraft:in_square"
        },
        {
          "height": {
            "min_inclusive": {
              "above_bottom": 0
            },
            "max_inclusive": {
              "below_top": 0
            },
            "type": "minecraft:uniform"
          },
          "type": "minecraft:height_range"
        },
        {
          "type": "minecraft:biome"
        }
      ],
      "targets": [
        {
          "target": {
            "tag": "minecraft:base_stone_overworld",
            "predicate_type": "minecraft:tag_match"
          },
          "state": {
            "Name": "minecraft:gravel"
          }
        }
      ]
    },
    {
      "ore_size": 8,
      "discard_on_air_chance": 0.0,
      "modifiers": [
        {
          "count": 8,
          "type": "minecraft:count"
        },
        {
          "type": "minecraft:in_square"
        },
        {
          "height": {
            "min_inclusive": {
              "above_bottom": -32
            },
            "max_inclusive": {
              "above_bottom": 32
            },
            "type": "minecraft:trapezoid"
          },
          "type": "minecraft:height_range"
        },
        {
          "type": "minecraft:biome"
        }
      ],
      "targets": [
        {
          "target": {
            "tag": "minecraft:stone_ore_replaceables",
            "predicate_type": "minecraft:tag_match"
          },
          "state": {
            "Properties": {
              "lit": "false"
            },
            "Name": "minecraft:redstone_ore"
          }
        },
        {
          "target": {
            "tag": "minecraft:deepslate_ore_replaceables",
            "predicate_type": "minecraft:tag_match"
          },
          "state": {
            "Properties": {
              "lit": "false"
            },
            "Name": "minecraft:deepslate_redstone_ore"
          }
        }
      ]
    },
    {
      "ore_size": 8,
      "discard_on_air_chance": 1.0,
      "modifiers": [
        {
          "count": 4,
          "type": "minecraft:count"
        },
        {
          "type": "minecraft:in_square"
        },
        {
          "height": {
            "min_inclusive": {
              "above_bottom": -80
            },
            "max_inclusive": {
              "above_bottom": 80
            },
            "type": "minecraft:trapezoid"
          },
          "type": "minecraft:height_range"
        },
        {
          "type": "minecraft:biome"
        }
      ],
      "targets": [
        {
          "target": {
            "tag": "minecraft:stone_ore_replaceables",
            "predicate_type": "minecraft:tag_match"
          },
          "state": {
            "Name": "minecraft:diamond_ore"
          }
        },
        {
          "target": {
            "tag": "minecraft:deepslate_ore_replaceables",
            "predicate_type": "minecraft:tag_match"
          },
          "state": {
            "Name": "minecraft:deepslate_diamond_ore"
          }
        }
      ]
    },
    {
      "ore_size": 4,
      "discard_on_air_chance": 0.0,
      "modifiers": [
        {
          "ore_type": {
            "type": "uranium",
            "index": 0
          },
          "retro_gen": false,
          "type": "mekanism:disableable"
        },
        {
          "count": {
            "ore_type": {
              "type": "uranium",
              "index": 0
            },
            "type": "mekanism:configurable_constant"
          },
          "type": "minecraft:count"
        },
        {
          "type": "minecraft:in_square"
        },
        {
          "height": {
            "ore_type": {
              "type": "uranium",
              "index": 0
            },
            "type": "mekanism:configurable"
          },
          "type": "minecraft:height_range"
        },
        {
          "type": "minecraft:biome"
        }
      ],
      "targets": [
        {
          "target": {
            "tag": "minecraft:stone_ore_replaceables",
            "predicate_type": "minecraft:tag_match"
          },
          "state": {
            "Name": "mekanism:uranium_ore"
          }
        },
        {
          "target": {
            "tag": "minecraft:deepslate_ore_replaceables",
            "predicate_type": "minecraft:tag_match"
          },
          "state": {
            "Name": "mekanism:deepslate_uranium_ore"
          }
        }
      ]
    },
    {
      "ore_size": 6,
      "discard_on_air_chance": 0.0,
      "modifiers": [
        {
          "count": 8,
          "type": "minecraft:count"
        },
        {
          "type": "minecraft:in_square"
        },
        {
          "height": {
            "min_inclusive": {
              "absolute": -25
            },
            "max_inclusive": {
              "absolute": 45
            },
            "type": "minecraft:trapezoid"
          },
          "type": "minecraft:height_range"
        },
        {
          "type": "minecraft:biome"
        }
      ],
      "targets": [
        {
          "target": {
            "tag": "minecraft:stone_ore_replaceables",
            "predicate_type": "minecraft:tag_match"
          },
          "state": {
            "Name": "actuallyadditions:black_quartz_ore"
          }
        },
        {
          "target": {
            "tag": "minecraft:deepslate_ore_replaceables",
            "predicate_type": "minecraft:tag_match"
          },
          "state": {
            "Name": "actuallyadditions:black_quartz_ore"
          }
        }
      ]
    },
    {
      "ore_size": 9,
      "discard_on_air_chance": 0.0,
      "modifiers": [
        {
          "count": 10,
          "type": "minecraft:count"
        },
        {
          "type": "minecraft:in_square"
        },
        {
          "height": {
            "min_inclusive": {
              "absolute": -24
            },
            "max_inclusive": {
              "absolute": 56
            },
            "type": "minecraft:trapezoid"
          },
          "type": "minecraft:height_range"
        },
        {
          "type": "minecraft:biome"
        }
      ],
      "targets": [
        {
          "target": {
            "tag": "minecraft:stone_ore_replaceables",
            "predicate_type": "minecraft:tag_match"
          },
          "state": {
            "Name": "minecraft:iron_ore"
          }
        },
        {
          "target": {
            "tag": "minecraft:deepslate_ore_replaceables",
            "predicate_type": "minecraft:tag_match"
          },
          "state": {
            "Name": "minecraft:deepslate_iron_ore"
          }
        }
      ]
    },
    {
      "ore_size": 5,
      "discard_on_air_chance": 0.0,
      "modifiers": [
        {
          "ore_type": {
            "type": "fluorite",
            "index": 0
          },
          "retro_gen": false,
          "type": "mekanism:disableable"
        },
        {
          "count": {
            "ore_type": {
              "type": "fluorite",
              "index": 0
            },
            "type": "mekanism:configurable_constant"
          },
          "type": "minecraft:count"
        },
        {
          "type": "minecraft:in_square"
        },
        {
          "height": {
            "ore_type": {
              "type": "fluorite",
              "index": 0
            },
            "type": "mekanism:configurable"
          },
          "type": "minecraft:height_range"
        },
        {
          "type": "minecraft:biome"
        }
      ],
      "targets": [
        {
          "target": {
            "tag": "minecraft:stone_ore_replaceables",
            "predicate_type": "minecraft:tag_match"
          },
          "state": {
            "Name": "mekanism:fluorite_ore"
          }
        },
        {
          "target": {
            "tag": "minecraft:deepslate_ore_replaceables",
            "predicate_type": "minecraft:tag_match"
          },
          "state": {
            "Name": "mekanism:deepslate_fluorite_ore"
          }
        }
      ]
    },
    {
      "ore_size": 17,
      "discard_on_air_chance": 0.5,
      "modifiers": [
        {
          "count": 20,
          "type": "minecraft:count"
        },
        {
          "type": "minecraft:in_square"
        },
        {
          "height": {
            "min_inclusive": {
              "absolute": 0
            },
            "max_inclusive": {
              "absolute": 192
            },
            "type": "minecraft:trapezoid"
          },
          "type": "minecraft:height_range"
        },
        {
          "type": "minecraft:biome"
        }
      ],
      "targets": [
        {
          "target": {
            "tag": "minecraft:stone_ore_replaceables",
            "predicate_type": "minecraft:tag_match"
          },
          "state": {
            "Name": "minecraft:coal_ore"
          }
        },
        {
          "target": {
            "tag": "minecraft:deepslate_ore_replaceables",
            "predicate_type": "minecraft:tag_match"
          },
          "state": {
            "Name": "minecraft:deepslate_coal_ore"
          }
        }
      ]
    },
    {
      "ore_size": 7,
      "discard_on_air_chance": 1.0,
      "modifiers": [
        {
          "count": 4,
          "type": "minecraft:count"
        },
        {
          "type": "minecraft:in_square"
        },
        {
          "height": {
            "min_inclusive": {
              "above_bottom": 0
            },
            "max_inclusive": {
              "absolute": 64
            },
            "type": "minecraft:uniform"
          },
          "type": "minecraft:height_range"
        },
        {
          "type": "minecraft:biome"
        }
      ],
      "targets": [
        {
          "target": {
            "tag": "minecraft:stone_ore_replaceables",
            "predicate_type": "minecraft:tag_match"
          },
          "state": {
            "Name": "minecraft:lapis_ore"
          }
        },
        {
          "target": {
            "tag": "minecraft:deepslate_ore_replaceables",
            "predicate_type": "minecraft:tag_match"
          },
          "state": {
            "Name": "minecraft:deepslate_lapis_ore"
          }
        }
      ]
    },
    {
      "ore_size": 8,
      "discard_on_air_chance": 0.0,
      "modifiers": [
        {
          "count": 3,
          "type": "minecraft:count"
        },
        {
          "height": {
            "min_inclusive": {
              "absolute": -64
            },
            "max_inclusive": {
              "absolute": 100
            },
            "type": "minecraft:trapezoid"
          },
          "type": "minecraft:height_range"
        },
        {
          "type": "minecraft:in_square"
        },
        {
          "type": "minecraft:biome"
        }
      ],
      "targets": [
        {
          "target": {
            "tag": "minecraft:stone_ore_replaceables",
            "predicate_type": "minecraft:tag_match"
          },
          "state": {
            "Name": "malum:soulstone_ore"
          }
        },
        {
          "target": {
            "tag": "minecraft:deepslate_ore_replaceables",
            "predicate_type": "minecraft:tag_match"
          },
          "state": {
            "Name": "malum:deepslate_soulstone_ore"
          }
        }
      ]
    },
    {
      "ore_size": 7,
      "discard_on_air_chance": 0.0,
      "modifiers": [
        {
          "ore_type": {
            "type": "osmium",
            "index": 0
          },
          "retro_gen": false,
          "type": "mekanism:disableable"
        },
        {
          "count": {
            "ore_type": {
              "type": "osmium",
              "index": 0
            },
            "type": "mekanism:configurable_constant"
          },
          "type": "minecraft:count"
        },
        {
          "type": "minecraft:in_square"
        },
        {
          "height": {
            "ore_type": {
              "type": "osmium",
              "index": 0
            },
            "type": "mekanism:configurable"
          },
          "type": "minecraft:height_range"
        },
        {
          "type": "minecraft:biome"
        }
      ],
      "targets": [
        {
          "target": {
            "tag": "minecraft:stone_ore_replaceables",
            "predicate_type": "minecraft:tag_match"
          },
          "state": {
            "Name": "mekanism:osmium_ore"
          }
        },
        {
          "target": {
            "tag": "minecraft:deepslate_ore_replaceables",
            "predicate_type": "minecraft:tag_match"
          },
          "state": {
            "Name": "mekanism:deepslate_osmium_ore"
          }
        }
      ]
    },
    {
      "ore_size": 12,
      "discard_on_air_chance": 0.0,
      "modifiers": [
        {
          "count": 8,
          "type": "minecraft:count"
        },
        {
          "type": "minecraft:in_square"
        },
        {
          "height": {
            "min_inclusive": {
              "absolute": -63
            },
            "max_inclusive": {
              "absolute": 70
            },
            "type": "minecraft:uniform"
          },
          "type": "minecraft:height_range"
        }
      ],
      "targets": [
        {
          "target": {
            "tag": "minecraft:stone_ore_replaceables",
            "predicate_type": "minecraft:tag_match"
          },
          "state": {
            "Name": "create:zinc_ore"
          }
        },
        {
          "target": {
            "tag": "minecraft:deepslate_ore_replaceables",
            "predicate_type": "minecraft:tag_match"
          },
          "state": {
            "Name": "create:deepslate_zinc_ore"
          }
        }
      ]
    },
    {
      "ore_size": 7,
      "discard_on_air_chance": 0.0,
      "modifiers": [
        {
          "count": 9,
          "type": "minecraft:count"
        },
        {
          "type": "minecraft:in_square"
        },
        {
          "height": {
            "min_inclusive": {
              "above_bottom": 48
            },
            "max_inclusive": {
              "absolute": 128
            },
            "type": "minecraft:uniform"
          },
          "type": "minecraft:height_range"
        },
        {
          "type": "minecraft:biome"
        }
      ],
      "targets": [
        {
          "target": {
            "tag": "minecraft:stone_ore_replaceables",
            "predicate_type": "minecraft:tag_match"
          },
          "state": {
            "Name": "pastel:shimmerstone_ore"
          }
        },
        {
          "target": {
            "tag": "minecraft:deepslate_ore_replaceables",
            "predicate_type": "minecraft:tag_match"
          },
          "state": {
            "Name": "pastel:deepslate_shimmerstone_ore"
          }
        },
        {
          "target": {
            "tag": "pastel:blackslag_ore_replaceables",
            "predicate_type": "minecraft:tag_match"
          },
          "state": {
            "Name": "pastel:blackslag_shimmerstone_ore"
          }
        }
      ]
    },
    {
      "ore_size": 64,
      "discard_on_air_chance": 1.0,
      "modifiers": [
        {
          "count": 0,
          "type": "minecraft:count"
        },
        {
          "type": "minecraft:in_square"
        },
        {
          "height": {
            "min_inclusive": {
              "absolute": 0
            },
            "max_inclusive": {
              "absolute": 60
            },
            "type": "minecraft:uniform"
          },
          "type": "minecraft:height_range"
        },
        {
          "type": "minecraft:biome"
        }
      ],
      "targets": [
        {
          "target": {
            "tag": "minecraft:base_stone_overworld",
            "predicate_type": "minecraft:tag_match"
          },
          "state": {
            "Name": "minecraft:diorite"
          }
        }
      ]
    },
    {
      "ore_size": 64,
      "discard_on_air_chance": 0.0,
      "modifiers": [
        {
          "count": 2,
          "type": "minecraft:count"
        },
        {
          "type": "minecraft:in_square"
        },
        {
          "height": {
            "min_inclusive": {
              "above_bottom": 0
            },
            "max_inclusive": {
              "absolute": 0
            },
            "type": "minecraft:uniform"
          },
          "type": "minecraft:height_range"
        },
        {
          "type": "minecraft:biome"
        }
      ],
      "targets": [
        {
          "target": {
            "tag": "minecraft:base_stone_overworld",
            "predicate_type": "minecraft:tag_match"
          },
          "state": {
            "Name": "minecraft:tuff"
          }
        }
      ]
    },
    {
      "ore_size": 9,
      "discard_on_air_chance": 0.5,
      "modifiers": [
        {
          "count": {
            "min_inclusive": 0,
            "max_inclusive": 1,
            "type": "minecraft:uniform"
          },
          "type": "minecraft:count"
        },
        {
          "type": "minecraft:in_square"
        },
        {
          "height": {
            "min_inclusive": {
              "absolute": -64
            },
            "max_inclusive": {
              "absolute": -48
            },
            "type": "minecraft:uniform"
          },
          "type": "minecraft:height_range"
        },
        {
          "type": "minecraft:biome"
        }
      ],
      "targets": [
        {
          "target": {
            "tag": "minecraft:stone_ore_replaceables",
            "predicate_type": "minecraft:tag_match"
          },
          "state": {
            "Name": "minecraft:gold_ore"
          }
        },
        {
          "target": {
            "tag": "minecraft:deepslate_ore_replaceables",
            "predicate_type": "minecraft:tag_match"
          },
          "state": {
            "Name": "minecraft:deepslate_gold_ore"
          }
        }
      ]
    },
    {
      "ore_size": 4,
      "discard_on_air_chance": 0.0,
      "modifiers": [
        {
          "count": 3,
          "type": "minecraft:count"
        },
        {
          "height": {
            "min_inclusive": {
              "absolute": -64
            },
            "max_inclusive": {
              "absolute": 40
            },
            "type": "minecraft:trapezoid"
          },
          "type": "minecraft:height_range"
        },
        {
          "type": "minecraft:in_square"
        },
        {
          "type": "minecraft:biome"
        }
      ],
      "targets": [
        {
          "target": {
            "tag": "minecraft:stone_ore_replaceables",
            "predicate_type": "minecraft:tag_match"
          },
          "state": {
            "Name": "malum:brilliant_stone"
          }
        },
        {
          "target": {
            "tag": "minecraft:deepslate_ore_replaceables",
            "predicate_type": "minecraft:tag_match"
          },
          "state": {
            "Name": "malum:brilliant_deepslate"
          }
        }
      ]
    },
    {
      "ore_size": 64,
      "discard_on_air_chance": 1.0,
      "modifiers": [
        {
          "count": 0,
          "type": "minecraft:count"
        },
        {
          "type": "minecraft:in_square"
        },
        {
          "height": {
            "min_inclusive": {
              "absolute": 64
            },
            "max_inclusive": {
              "absolute": 128
            },
            "type": "minecraft:uniform"
          },
          "type": "minecraft:height_range"
        },
        {
          "type": "minecraft:biome"
        }
      ],
      "targets": [
        {
          "target": {
            "tag": "minecraft:base_stone_overworld",
            "predicate_type": "minecraft:tag_match"
          },
          "state": {
            "Name": "minecraft:granite"
          }
        }
      ]
    },
    {
      "ore_size": 4,
      "discard_on_air_chance": 0.5,
      "modifiers": [
        {
          "count": 7,
          "type": "minecraft:count"
        },
        {
          "type": "minecraft:in_square"
        },
        {
          "height": {
            "min_inclusive": {
              "above_bottom": -80
            },
            "max_inclusive": {
              "above_bottom": 80
            },
            "type": "minecraft:trapezoid"
          },
          "type": "minecraft:height_range"
        },
        {
          "type": "minecraft:biome"
        }
      ],
      "targets": [
        {
          "target": {
            "tag": "minecraft:stone_ore_replaceables",
            "predicate_type": "minecraft:tag_match"
          },
          "state": {
            "Name": "minecraft:diamond_ore"
          }
        },
        {
          "target": {
            "tag": "minecraft:deepslate_ore_replaceables",
            "predicate_type": "minecraft:tag_match"
          },
          "state": {
            "Name": "minecraft:deepslate_diamond_ore"
          }
        }
      ]
    },
    {
      "ore_size": 8,
      "discard_on_air_chance": 0.0,
      "modifiers": [
        {
          "count": 4,
          "type": "minecraft:count"
        },
        {
          "type": "minecraft:in_square"
        },
        {
          "height": {
            "min_inclusive": {
              "above_bottom": 0
            },
            "max_inclusive": {
              "absolute": 15
            },
            "type": "minecraft:uniform"
          },
          "type": "minecraft:height_range"
        },
        {
          "type": "minecraft:biome"
        }
      ],
      "targets": [
        {
          "target": {
            "tag": "minecraft:stone_ore_replaceables",
            "predicate_type": "minecraft:tag_match"
          },
          "state": {
            "Properties": {
              "lit": "false"
            },
            "Name": "minecraft:redstone_ore"
          }
        },
        {
          "target": {
            "tag": "minecraft:deepslate_ore_replaceables",
            "predicate_type": "minecraft:tag_match"
          },
          "state": {
            "Properties": {
              "lit": "false"
            },
            "Name": "minecraft:deepslate_redstone_ore"
          }
        }
      ]
    },
    {
      "ore_size": 9,
      "discard_on_air_chance": 0.25,
      "modifiers": [
        {
          "ore_type": {
            "type": "lead",
            "index": 0
          },
          "retro_gen": false,
          "type": "mekanism:disableable"
        },
        {
          "count": {
            "ore_type": {
              "type": "lead",
              "index": 0
            },
            "type": "mekanism:configurable_constant"
          },
          "type": "minecraft:count"
        },
        {
          "type": "minecraft:in_square"
        },
        {
          "height": {
            "ore_type": {
              "type": "lead",
              "index": 0
            },
            "type": "mekanism:configurable"
          },
          "type": "minecraft:height_range"
        },
        {
          "type": "minecraft:biome"
        }
      ],
      "targets": [
        {
          "target": {
            "tag": "minecraft:stone_ore_replaceables",
            "predicate_type": "minecraft:tag_match"
          },
          "state": {
            "Name": "mekanism:lead_ore"
          }
        },
        {
          "target": {
            "tag": "minecraft:deepslate_ore_replaceables",
            "predicate_type": "minecraft:tag_match"
          },
          "state": {
            "Name": "mekanism:deepslate_lead_ore"
          }
        }
      ]
    },
    {
      "ore_size": 64,
      "discard_on_air_chance": 1.0,
      "modifiers": [
        {
          "count": 0,
          "type": "minecraft:count"
        },
        {
          "type": "minecraft:in_square"
        },
        {
          "height": {
            "min_inclusive": {
              "absolute": 64
            },
            "max_inclusive": {
              "absolute": 128
            },
            "type": "minecraft:uniform"
          },
          "type": "minecraft:height_range"
        },
        {
          "type": "minecraft:biome"
        }
      ],
      "targets": [
        {
          "target": {
            "tag": "minecraft:base_stone_overworld",
            "predicate_type": "minecraft:tag_match"
          },
          "state": {
            "Name": "minecraft:andesite"
          }
        }
      ]
    },
    {
      "ore_size": 32,
      "discard_on_air_chance": 1.0,
      "modifiers": [
        {
          "chance": 60,
          "type": "minecraft:rarity_filter"
        },
        {
          "count": 1,
          "type": "minecraft:count"
        },
        {
          "type": "minecraft:in_square"
        },
        {
          "height": {
            "min_inclusive": {
              "above_bottom": 0
            },
            "max_inclusive": {
              "above_bottom": 32
            },
            "type": "minecraft:trapezoid"
          },
          "type": "minecraft:height_range"
        },
        {
          "type": "minecraft:biome"
        }
      ],
      "targets": [
        {
          "target": {
            "tag": "minecraft:stone_ore_replaceables",
            "predicate_type": "minecraft:tag_match"
          },
          "state": {
            "Name": "pastel:azurite_ore"
          }
        },
        {
          "target": {
            "tag": "minecraft:deepslate_ore_replaceables",
            "predicate_type": "minecraft:tag_match"
          },
          "state": {
            "Name": "pastel:deepslate_azurite_ore"
          }
        },
        {
          "target": {
            "tag": "pastel:blackslag_ore_replaceables",
            "predicate_type": "minecraft:tag_match"
          },
          "state": {
            "Name": "pastel:blackslag_azurite_ore"
          }
        }
      ]
    },
    {
      "ore_size": 64,
      "discard_on_air_chance": 1.0,
      "modifiers": [
        {
          "count": 0,
          "type": "minecraft:count"
        },
        {
          "type": "minecraft:in_square"
        },
        {
          "height": {
            "min_inclusive": {
              "absolute": 0
            },
            "max_inclusive": {
              "absolute": 60
            },
            "type": "minecraft:uniform"
          },
          "type": "minecraft:height_range"
        },
        {
          "type": "minecraft:biome"
        }
      ],
      "targets": [
        {
          "target": {
            "tag": "minecraft:base_stone_overworld",
            "predicate_type": "minecraft:tag_match"
          },
          "state": {
            "Name": "minecraft:andesite"
          }
        }
      ]
    },
    {
      "ore_size": 9,
      "discard_on_air_chance": 0.0,
      "modifiers": [
        {
          "ore_type": {
            "type": "tin",
            "index": 1
          },
          "retro_gen": false,
          "type": "mekanism:disableable"
        },
        {
          "count": {
            "ore_type": {
              "type": "tin",
              "index": 1
            },
            "type": "mekanism:configurable_constant"
          },
          "type": "minecraft:count"
        },
        {
          "type": "minecraft:in_square"
        },
        {
          "height": {
            "ore_type": {
              "type": "tin",
              "index": 1
            },
            "type": "mekanism:configurable"
          },
          "type": "minecraft:height_range"
        },
        {
          "type": "minecraft:biome"
        }
      ],
      "targets": [
        {
          "target": {
            "tag": "minecraft:stone_ore_replaceables",
            "predicate_type": "minecraft:tag_match"
          },
          "state": {
            "Name": "mekanism:tin_ore"
          }
        },
        {
          "target": {
            "tag": "minecraft:deepslate_ore_replaceables",
            "predicate_type": "minecraft:tag_match"
          },
          "state": {
            "Name": "mekanism:deepslate_tin_ore"
          }
        }
      ]
    },
    {
      "ore_size": 3,
      "discard_on_air_chance": 0.0,
      "modifiers": [
        {
          "count": 100,
          "type": "minecraft:count"
        },
        {
          "type": "minecraft:in_square"
        },
        {
          "height": {
            "min_inclusive": {
              "absolute": -16
            },
            "max_inclusive": {
              "absolute": 480
            },
            "type": "minecraft:trapezoid"
          },
          "type": "minecraft:height_range"
        },
        {
          "type": "minecraft:biome"
        }
      ],
      "targets": [
        {
          "target": {
            "tag": "minecraft:stone_ore_replaceables",
            "predicate_type": "minecraft:tag_match"
          },
          "state": {
            "Name": "minecraft:emerald_ore"
          }
        },
        {
          "target": {
            "tag": "minecraft:deepslate_ore_replaceables",
            "predicate_type": "minecraft:tag_match"
          },
          "state": {
            "Name": "minecraft:deepslate_emerald_ore"
          }
        }
      ]
    },
    {
      "ore_size": 9,
      "discard_on_air_chance": 0.0,
      "modifiers": [
        {
          "count": 50,
          "type": "minecraft:count"
        },
        {
          "type": "minecraft:in_square"
        },
        {
          "height": {
            "min_inclusive": {
              "absolute": 32
            },
            "max_inclusive": {
              "absolute": 256
            },
            "type": "minecraft:uniform"
          },
          "type": "minecraft:height_range"
        },
        {
          "type": "minecraft:biome"
        }
      ],
      "targets": [
        {
          "target": {
            "tag": "minecraft:stone_ore_replaceables",
            "predicate_type": "minecraft:tag_match"
          },
          "state": {
            "Name": "minecraft:gold_ore"
          }
        },
        {
          "target": {
            "tag": "minecraft:deepslate_ore_replaceables",
            "predicate_type": "minecraft:tag_match"
          },
          "state": {
            "Name": "minecraft:deepslate_gold_ore"
          }
        }
      ]
    },
    {
      "ore_size": 64,
      "discard_on_air_chance": 0.0,
      "modifiers": [
        {
          "count": 50,
          "type": "minecraft:count"
        },
        {
          "type": "minecraft:in_square"
        },
        {
          "heightmap": "OCEAN_FLOOR",
          "type": "minecraft:heightmap"
        },
        {
          "xz_spread": 0,
          "y_spread": -5,
          "type": "minecraft:random_offset"
        }
      ],
      "targets": [
        {
          "target": {
            "block": "minecraft:stone",
            "predicate_type": "minecraft:block_match"
          },
          "state": {
            "Name": "minecraft:andesite"
          }
        },
        {
          "target": {
            "block": "minecraft:granite",
            "predicate_type": "minecraft:block_match"
          },
          "state": {
            "Name": "minecraft:andesite"
          }
        },
        {
          "target": {
            "block": "minecraft:diorite",
            "predicate_type": "minecraft:block_match"
          },
          "state": {
            "Name": "minecraft:andesite"
          }
        }
      ]
    },
    {
      "ore_size": 9,
      "discard_on_air_chance": 0.0,
      "modifiers": [
        {
          "count": 6,
          "type": "minecraft:count"
        },
        {
          "type": "minecraft:in_square"
        },
        {
          "height": {
            "min_inclusive": {
              "absolute": -20
            },
            "max_inclusive": {
              "absolute": 60
            },
            "type": "minecraft:uniform"
          },
          "type": "minecraft:height_range"
        },
        {
          "type": "minecraft:biome"
        }
      ],
      "targets": [
        {
          "target": {
            "tag": "minecraft:stone_ore_replaceables",
            "predicate_type": "minecraft:tag_match"
          },
          "state": {
            "Name": "expandeddelight:salt_ore"
          }
        },
        {
          "target": {
            "tag": "minecraft:deepslate_ore_replaceables",
            "predicate_type": "minecraft:tag_match"
          },
          "state": {
            "Name": "expandeddelight:deepslate_salt_ore"
          }
        }
      ]
    },
    {
      "ore_size": 20,
      "discard_on_air_chance": 0.0,
      "modifiers": [
        {
          "count": 16,
          "type": "minecraft:count"
        },
        {
          "type": "minecraft:in_square"
        },
        {
          "height": {
            "min_inclusive": {
              "absolute": -16
            },
            "max_inclusive": {
              "absolute": 112
            },
            "type": "minecraft:trapezoid"
          },
          "type": "minecraft:height_range"
        },
        {
          "type": "minecraft:biome"
        }
      ],
      "targets": [
        {
          "target": {
            "tag": "minecraft:stone_ore_replaceables",
            "predicate_type": "minecraft:tag_match"
          },
          "state": {
            "Name": "minecraft:copper_ore"
          }
        },
        {
          "target": {
            "tag": "minecraft:deepslate_ore_replaceables",
            "predicate_type": "minecraft:tag_match"
          },
          "state": {
            "Name": "minecraft:deepslate_copper_ore"
          }
        }
      ]
    },
    {
      "ore_size": 33,
      "discard_on_air_chance": 0.0,
      "modifiers": [
        {
          "count": 46,
          "type": "minecraft:count"
        },
        {
          "type": "minecraft:in_square"
        },
        {
          "height": {
            "min_inclusive": {
              "above_bottom": 0
            },
            "max_inclusive": {
              "absolute": 256
            },
            "type": "minecraft:uniform"
          },
          "type": "minecraft:height_range"
        },
        {
          "type": "minecraft:biome"
        }
      ],
      "targets": [
        {
          "target": {
            "tag": "minecraft:base_stone_overworld",
            "predicate_type": "minecraft:tag_match"
          },
          "state": {
            "Name": "minecraft:clay"
          }
        }
      ]
    },
    {
      "ore_size": 8,
      "discard_on_air_chance": 0.5,
      "modifiers": [
        {
          "count": 2,
          "type": "minecraft:count"
        },
        {
          "type": "minecraft:in_square"
        },
        {
          "height": {
            "min_inclusive": {
              "absolute": -64
            },
            "max_inclusive": {
              "absolute": -4
            },
            "type": "minecraft:uniform"
          },
          "type": "minecraft:height_range"
        },
        {
          "type": "minecraft:biome"
        }
      ],
      "targets": [
        {
          "target": {
            "tag": "minecraft:stone_ore_replaceables",
            "predicate_type": "minecraft:tag_match"
          },
          "state": {
            "Name": "minecraft:diamond_ore"
          }
        },
        {
          "target": {
            "tag": "minecraft:deepslate_ore_replaceables",
            "predicate_type": "minecraft:tag_match"
          },
          "state": {
            "Name": "minecraft:deepslate_diamond_ore"
          }
        }
      ]
    }
  ]
}